path,prediction,samples,fraud_rate
V74 <= 0 AND D3 <= 1 AND M4 == __missing__,0.3211083810983618,17022,0.01686053342732934
V74 <= 0 AND D3 <= 1 AND M4 != __missing__,0.6561568112019637,39497,0.06471377572980226
V74 <= 0 AND D3 > 1 AND M4 == __missing__,0.14667297309215227,137239,0.006193574712727432
V74 <= 0 AND D3 > 1 AND M4 != __missing__,0.3610234168373136,137138,0.02007466931120477
V74 > 0 AND C11 <= 1 AND V258 <= 1,0.4310223150385316,67109,0.026732629006541598
V74 > 0 AND C11 <= 1 AND V258 > 1,0.7444798754894583,20325,0.09554735547355474
V74 > 0 AND C11 > 1 AND C11 <= 2,0.779891692722839,12438,0.11384466956102267
V74 > 0 AND C11 > 1 AND C11 > 2,0.9288432706864975,12137,0.32124907308231027
