strategy,n_features,features,heldout_auc
conservative,248,"card1,C11,C12,R_emaildomain,card2,V168,DeviceInfo,id_13,id_17,V218,V264,D5,addr2,V258,card3,V257,V265,V274,D2,V229,card5,V203,D3,V199,V263,V246,V52,V230,V275,V243,V18,V201,V200,V50,D8,V40,V94,V58,V39,V42,M4,V71,V34,V92,V149,V187,V228,V74,V244,V140,V171,C9,P_emaildomain,V48,V79,V158,V22,V170,V80,V90,V85,V84,V16,V32,V303,V189,V29,V304,V139,V70,C5,V147,V283,V60,V64,V63,V188,D7,V176,V45,V186,V282,V10,id_33,V38,D10,id_35,V146,V294,D15,V44,V87,id_01,V222,C13,V150,V35,V37,V86,V236,V78,V36,V182,D1,V259,id_18,V277,V248,D4,V261,V77,V75,V12,V76,V262,V53,id_07,V13,V245,V54,V234,V239,id_38,V152,V292,V62,V247,V235,V83,V47,D11,V56,M3,V195,id_08,V215,V183,V184,V194,V198,V166,M5,V216,V252,V185,V82,V191,id_02,V197,V165,V260,V24,V61,V214,D14,id_06,V23,V181,M6,M9,V290,V55,dist1,V67,V46,V281,D12,V315,V125,V227,V20,V3,V312,V123,V313,V272,V162,V99,V130,V287,V268,V141,M8,V330,V142,V124,V289,V285,V288,V19,V267,V5,V226,V314,V338,V224,V309,V339,V284,V296,TransactionDT,V320,V9,V310,id_09,V116,D9,V138,V114,V115,id_03,V66,V337,V328,V110,V108,V301,V335,V131,V112,V129,V98,V109,V336,V326,V321,V251,V174,V137,V175,V136,V220,V300,V7,V210,V208,V209,V100,V327,V256,V169,V2,D6,D13,id_05,V4,V104,V135",0.8131736590919153
balanced,25,"card1,C11,C12,R_emaildomain,card2,V168,DeviceInfo,id_13,id_17,V218,V264,D5,addr2,V258,card3,V257,V265,V274,D2,V229,card5,V203,D3,V199,V263",0.8151540703571278
