{
  "n_sampled": 30,
  "mean_similarity": 0.44827824336599986,
  "median_similarity": 0.42426826664443074,
  "min_similarity": 0.0,
  "max_similarity": 1.0,
  "n_nan_pairs": 0
}